YouTube Comments,upvotes,Comment Date
"Be honest, this isn‚Äôt your first time watching this...",26K,3 years ago (edited)
The man who turns a live broadcast into highlights lol,21K,5 years ago
"Every goal was better than the one before
1st goal - Short & Low kick
2nd goal - Long & Low kick
3rd goal - Curve & High kick
4th goal  Volley kick
5th goal  Semi-bicycle kick",485,8 months ago
it feels so weird to watch Bayern without Robert now,916,1 year ago
"Imagine being 1 goal down and you gotta go to the toilet, you come back 9 minute later and u missed 5 goals",36K,6 years ago
It's culture of every football fan to watch this 10minutes clip once in awhile,11K,2 years ago
"That fifth goal, goosebumps ""you just can not be that good"" ",503,1 year ago
The fact that the greatest coach in history can't believe what Lewandowski has done tells you how great of a moment it was,2.5K,2 years ago
"I like how the stadium announcer didn't even finish announcing Lewy's first goal, and he scored again lol",2.9K,7 years ago
"3 goals - hatrick
5goals- lewtrick",4.2K,2 years ago
"Exactly 7 years ago today:

 ‚û§ Fastest hat-trick in history (4 minutes).
 ‚û§ Fastest poker ever (6 minutes).
 ‚û§ Fastest repoker in history (9 minutes).
 ‚û§ Player who, coming off the bench, scored 5 goals in the same game.

 LEWANGOLSKI IN ITS PURE STATE.",718,1 year ago
"Lewandowski is honestly one of the best players of the current time, it still pokes me how he didn't get his well deserved ballon d'or in 2020.",271,1 year ago
It becomes even more impressive when you realize that at least 3 minutes out of 9 was goal celebration.,10K,2 years ago
The football record that no one will ever break,427,1 year ago
"The fifth goal is simply insane, what an amazing striker is Lewandoski.",102,10 months ago (edited)
"When you‚Äôre losing in FIFA, and get your older brother to play for you.",23K,6 years ago
This is the most epic thing I've ever seen in football.,493,7 years ago
"this is going to be a record hard to beat, it's amazing to see Lewy like that",393,1 year ago
The true winner of Ballon d‚ÄôOr 2021 ,63,2 years ago
It took three goals before I realized they weren‚Äôt cutting.,6.7K,2 years ago
"Lewandowski in the Interview-
Well I was benched in the starting of the game and I took that personally",5.5K,3 years ago
"Hands down, the greatest substitute performance in the history of professional football. This record will most likely never be broken.",13,7 months ago
legend says Dante is still trying to boost the morale of the team,3.8K,4 years ago
"LEWANDOWSKI GOES FOR IT AGAIN! OH HE JUST CANT DO IT! YOU JUST CANNOT BE THAT GOOD~ 
Best ecstatic moment",1.9K,7 years ago
"Probably one of the hardest record, if ever, someone capable of breaking sometime in the future... It's literally once in a lifetime achievement",15,1 month ago
"I remember this day as if it was yesterday. I was a freshman at university and watched the first half at the library. In the break I decided to go home. Back then I was living around 20 min from the library. When I got home my stream was still loading so I browsed Facebook on my phone and started to see various memes and initially had no idea what was going on. Apparently in the couple of minutes I was away Lewandowski scored 5 goals. Tbh back then I was a poor student, young, no job or car or money on my bank account but that was one of my happiest moments ever. I think I'll carry this memory with me to the afterlife. It was a miracle indeed.",29,1 year ago
Best striker in the world.,1.4K,7 years ago
All the people that disliked are either Wolfsburg fans or just don't understand how impressive this is,4.6K,3 years ago
"Everything in this video is perfect, the length, the commentator, the miracle itself is just incredible,  I honestly can't get enough of this video!",166,1 year ago
I remember watching it live and I couldn‚Äôt believe it. Absolute legend,61,1 year ago
Guardiola's reaction after fifth goal is pure awesomeness. Robert impressed the guy who trained Messi.,8.9K,3 years ago
This has to be one of the best performances by an individual player in football history.,3K,4 years ago
"Why? Every time i watch this Lewandowski 's 5th goal. I experienced a fast heart beat, teary eyes and running watery nose. . ",20,3 months ago
One of the most incredible moment in football's history thanks Robert,126,1 year ago
It's awesome not only because he has scored 5 goals in 9 minutes but also who against he did it. Wolfsburg was runner-up that season + Lewandowski came on the pitch in the second half. This achievement will be remembered for a long time as it's almost impossible to beat it.,2.3K,7 years ago
came to pay annual tribute to this holy video,2.8K,5 years ago
"Pep‚Äôs reaction to that 5th goal lmao, disbelief",46,1 year ago
"This guy is pure goal mashine.
Welcome to Fcbarcelona ",56,1 year ago
He literally scored five goals and mic dropped. Legend.,2.5K,3 years ago
"9:33 Robert's performance was so good, Guardiola thought he had hair",4K,2 years ago
I know people are still watching this once in a while ,24,1 year ago
I remember watching this game live a litlle bit disapointed Robert did not get full 90 minutes and hyped when he was changed off the bench. The rest is history.,31,1 year ago
"Doctor:""You Only Got 10 Minutes To Live""
Bayern munchen's Fan:",3.1K,4 years ago
"5 goals in 8 minutes, 59 seconds. Legend.",4.4K,3 years ago (edited)
"This 3rd goal was the most ""Lewandowski style"". He's a pusher, he goes forward no matter what. He just wants to push the ball into the net. It doesn't has to look beutiful, it doesn't has to be a ""teamwork goal"" it just suppose to be effective.",52,1 year ago
Wr√≥ci≈Çem ≈ºeby zapomnieƒá o ostatnich meczach naszej reprezentacji..,117,7 months ago
Fucking legend.,591,7 years ago
"-""You just can not be THAT good""
-Lewandowski: ""Yes I can""",796,7 years ago
Each goal was better than the previous one.,9,2 years ago
This will never happen again,11,1 year ago
"""YOU JUST CANNOT BE THAT GOOD"" <3",3.6K,7 years ago
"Lewandowski : How many goals should I score? 
Guardiola : Yes",8.2K,4 years ago
Lost my job and came here for motivation. Impossible made possible ,6,1 month ago
"I just love how for the first and second goal, Pep stays calm and serious, riling up his team to do more, then after the third goal, the fourth and the fifth, he just loses all composure rapidly",3,1 month ago
I can't even do this in FIFA,14K,7 years ago
"This will never ever happen again. 5 goals in 9 minutes for a team is almost impossible. For it be scored by just one player after coming on as a sub and his team trailing 1-0 should really be impossible. No player would ever had even dreamed of doing something like this because its so far fetched, its literally impossible. I still dont know how this is possible. 5 goals in 90 mins by a single player is a huge achievement. 5 goals in 9 mins and that 9 mins includes celebrations, a re taken kick off and a substitution. How did he do it, its a miracle of football. And that last goal is just a worldie. This has to be the best 10 minutes any footballer in history has had. Credit to the rest of the Bayern team for creating the oppurtunities and its always a team effort but Lewandowski deserves something for this. Its an achievement that will never be bettered. Ever.",6.7K,5 years ago
Everyone's talking about Lewandowski but how about that commentator? Man he made this segment become even better,12,2 years ago
Welcome to Barcelona ,16,1 year ago
"When did FIFA graphics get so good? Btw, turn off amateur mode, it'll be more of a challenge.",3.9K,7 years ago
the comentary is as legendary as the Lewa's performace,6,10 months ago (edited)
Robert Lewandowski  from Poland not from Brazil and his have a magical skill and great skill,9,1 year ago
"Three is called a Hat-trick
Five should be called a Lewandowski
Edit:- What!! This is crazy Thanks for the likes Guys.. Have a good day",9.8K,4 years ago (edited)
"‚ÄùYou just cannot be that good!!‚Äù


-Literally everyone watching this",1.9K,3 years ago (edited)
"Every few months, I keep coming back to this video. Unbelievable.",8,1 year ago
6 years later I still come back to watch this,10,1 year ago
What a legend,368,7 years ago
"""What did I miss?""
                                                                                 ""5 goals""
""WTF!!?? Who scored??""
                                                   ""Lwandowski - all of them""
""WTF!!!??? HE WASN'T EVEN PLAYING!!!!!""",2.9K,3 years ago
I like to come back here once or twice a year,3,1 month ago
"Piƒôkna opowie≈õƒá 
Powodzenia w Barcelonie",61,1 year ago
"Wolfsburg: 1-0 against Bayern
Lewandowski: I'm about to end this team's whole carreer.",1.7K,3 years ago (edited)
Most successful substitution in history,1.3K,6 years ago
"I would crying if he scored one like that last goal for barca. Absolute screamer 
Ô∏è
Ô∏è
Ô∏è
Ô∏è
Ô∏è
Ô∏è
.",8,1 year ago
The commentary makes it twice as good,7,1 year ago
"Messi and Ronaldo combined this season - 51 goals in 68 games

Robert Lewandowski - 48 goals in 41 games",2.7K,3 years ago
Everyone almost forgot that he scored 4 goals vs Real Madrid because it wasnt that fast as this one haha :D,1.1K,7 years ago (edited)
What he did that day is fkn amazing. Hats off Lewy.,14,1 year ago
Anyone else that just had to watch this again after the move? Really an end of an era!,8,1 year ago
It's like he's playing Fifa against his 4-year-old brother and he taught him the wrong buttons.,3K,5 years ago
"9:20 2015: ""You just cannot be that good""
2020: 55 goals in 47 games :]",1.8K,3 years ago
Sept6 2022...still refreshing to watch,5,1 year ago
As a Pole i am delighted every time i see this ,3,9 days ago
LewanGOALski,1.4K,7 years ago
This is the Best striker in the World,64,7 years ago
The best striker today ,1,7 months ago
Imagine going to get some snacks and when u return after 9 minutes and look at the scoreboard.,1,8 months ago
its a tradition for all hardcore football fans to watch this video once a month.,538,3 years ago
Somethings cannot be explained!,4,1 year ago
bruh pep's reaction is priceless,403,7 years ago
nobody will ever repeat such thing,176,7 years ago
From time to time I still come here!,3,2 months ago
"1:30 - Naldo was like ""WTF did just happen?"" :D",205,7 years ago
"with Lewandowski, the commentator is also on his top performance!",497,3 years ago
that last goal was absolutely incredible,2,7 months ago
Legendary,3,2 years ago
I was looking for this on youtube but couldn't find the full 9 minutes. Thanks for uploading bundesliga! :),411,7 years ago
"""You just cannot do it!! You just cannot be that good!!!"" Hands down my favourite piece of commentary ever",1K,3 years ago
I watch this video every once a while,3,2 years ago
Robert Lewandowski is one of the best strikers in world...and this shows why,180,7 years ago
he just cannot be that good,298,7 years ago
If he retires without a ballon d'Or...,4,2 years ago
I wish he could play like this for Poland,82,1 year ago
"This record will never, ever be beaten. Legendary.",3.5K,3 years ago
"This man Break Gurd Muller 41 Bundesliga scoring record & also break calendar year Bundesliga 42 goal  over 43. 
Also  equal C.Ronaldo best year record 69 ",7,2 years ago (edited)
Best striker in the world finally in the best club in the world. Robert Lewandowski welcome to Barcelona !,14,1 year ago
Stories say that Lewandowski is still scoring against Wolfsburg until this very day.,3.2K,6 years ago
Co jaki≈õ czas wracam do tej historycznej chwili. Duma chwa≈Ça ciary i oczy we ≈Çzach. Can't belive You so good. Robert,71,1 year ago
"LewanGOALski
Ô∏è
- And now he's leaving for Barcelona",8,1 year ago
"The only reason why he did all of this is to destroy the camera at 9:56 for unknown reason. Once he accomplished the assassination, he stopped this madness.",2.6K,5 years ago
"You know that your a true football fan when you keep coming back to watch this every so often
Ô∏è",9,1 year ago
The commentary makes this even better ‚ÄúLewandowski GOES FOR IT AGAIN OH YOU JUST CAN‚ÄôT DO IT. YOU JUST CAN NOT BE THAT GOOD. THAT IS AN AMAZING GOAL‚Äù chills every time man,3,1 month ago
"Record breaker
History maker.
5 years later still a beast. Pure legend.",1.5K,4 years ago
"Robert Lewandowski
 enters the field

Diego Benaglio
: ""Why do I hear boss music?""",1.7K,3 years ago
And now he‚Äôs coming to Barca ,11,1 year ago
That last one is bloody fantastico.......,5,2 years ago
"Bayern losing 0:1, after 9 minutes it's 5:1 and scored by one player lol.",520,7 years ago
"1st goal- oh equal.
2nd goal- cooll..
3rd goal- legandary.
4th and 5th- tell me i m not dreaming.",1.1K,2 years ago
"Unbelievieable 5 goals in 9 min, the fith goal was awoseme,  incredible!!!",10,1 year ago
The best 10 minutes any stricter could have‚Ä¶. Leaves me speechless like htf can you do that especially that bicycle,3,1 month ago
That last goal was Insane!,2.9K,6 years ago
that last goal was insane ,12,1 year ago
And people rn saying he's not a Bayern legend... ,6,1 year ago (edited)
"Commentator was so confused... He says 3 goals in 10 minutes, then says 4 goals in 10 minutes, then finally says 5 goals in 10 minutes",2.6K,5 years ago
Guardiolas reaction was gold,1.7K,5 years ago
who is watching after Lewy joined Bar√ßa? ,9,1 year ago
"Welcome to Barcelona. 
Ô∏è",8,1 year ago
In the future - 9 goals in 5 minutes.,1.9K,7 years ago
OK. This is officially my 15th time watching this video.,2.7K,3 years ago
"Welcome to Barcelona Lewy 
Ô∏è",6,1 year ago
Who's here after he won the best player in the world? ,5.5K,3 years ago
""" I don't know how many offers of marriage lewandoskis gonna have but pep guardiola will be one of them"" ",3.8K,6 years ago
"I like how they slap each other with Alaba after goal, seen it many times that has happened.",2,2 years ago
"Czƒôsto oglodam na poprawƒô
Nastroju brawo ",13,10 months ago
the guy that went to buy food during those 10 minutes: ‚Äúdid I miss much?‚Äù,1.2K,3 years ago
and today he's offically the best player in the world,2.7K,3 years ago
This is the most amazing thing in footbal i've been repeatedly watching for years.,6,1 year ago
It's amazing that he scored the goals in order of increasing difficulty,923,3 years ago
welcome to barcelona ,9,1 year ago
"The euphoria he must've felt is insane. Scoring 5 goals in 9 minutes, many of them spectacular. The whole stadium filled to the brim with thousands of people cheering you. The roar of the crowd. Besides the crowd there were hundreds of thousands of people watching on tv.",18,11 months ago
And your telling me that this man still has not won a ballon d'or after breaking so many records and being so consistent and complete,3.1K,2 years ago
"Lewandowski : '' Hold my beer ''. 9 minutes later, Wolfsburg : '' For goodness sake, somebody give him back his beer!!! ''",2.4K,4 years ago
Lewandowskiüáµüá±,6,1 year ago
He is unstoppable inside the box...#perfect stricker,9,1 year ago (edited)
This man just got 40 goals in one Bundesliga season. What a legend.,3.1K,2 years ago (edited)
Lewey The Man the myth the legend,8,1 year ago
"and 6 years later he still scored 30 goals every season, what a legend Mike Wazoski!",9,2 years ago
This was the day when the stadium announcer had to work hard ,605,7 years ago
6:06 Lewandoski scored too many goals he doesn‚Äôt even know what celebration he should do,1.6K,3 years ago
WELCOME TO THE BEST CLUB!,7,1 year ago
"–ó–∞ –≠–¢–û –Ω–∞–¥–æ —Å—Ç–∞–≤–∏—Ç—å –ø–∞–º—è—Ç–Ω–∏–∫ –ø—Ä–∏ –∂–∏–∑–Ω–∏. –ë—Ä–∞–≤–æ, –ø–æ–ª—è–∫ !!!",12,2 years ago
Two heroes of Poland: Lewandovski and Geralt of Rivia,647,6 years ago
"Levendowski goes for it again oh you just can't do it! You just cannot be that good! That was an amazing goal. Levendowski , the fastest hat trick in the history of bundesliga.

I can say that I almost recited all of the words simply watching this channel.",817,7 years ago
"He actually did it in like 5min and a few sec, because in 4 of those 9 min were celebrations and a subsitute. That makes it even more impressive. 5 goals in like 5 min",11,1 year ago
"Admit it, this is not the first time you‚Äôre watching. Real men gotta come back to this once in a while.",1.3K,4 years ago
"After the match Lewa was like: ""I've never scored 5 goals in 9 mins""

Robert, no one has.",4,11 months ago
Co najmniej raz do roku muszƒô to obejrzeƒá! :D,15,4 months ago
That fifth goal was literally a mic drop....knocked a mic off its stand behind the net. Nice.,298,4 years ago
Robert Lewandowski certainly deserves a Ballon d'Or award,589,3 years ago
Lewandowski you Beauty ,3,1 year ago
The fifth ball  so amazing,16,1 year ago
"*man city scores 5 goals in 18 min
lewangoalski : hold my beer.",3.7K,4 years ago
"And now he‚Äôs coming to Barca. Thank you, Bayern.",22,1 year ago
Robert Lewangoalski,977,6 years ago
"0:39 Pep calls Boateng to give him some specific instructions while the rest of Bayern players celebrate the equalizer.
..... 5 mins & 3 goals later
6:17 Pep calls Boateng again: Remember what I said earlier? Forget everything, everyone just get the ball to Lewandowski!",1K,5 years ago
"Absolutely legendary. I always come back to this video from time to time, it's just spectacular. Lewy is a BEAST.",29,2 years ago (edited)
"Who is still watching in 2019 ? 
Lewandowski is so good 
Ô∏è",2.9K,5 years ago (edited)
New Fifa difficulty = Lewandowski,1.1K,4 years ago (edited)
"Legend has it that fans are still going ""OOO OOOO OOOOOHHH""",3,2 years ago
"Why do i come back?


CAUSE THIS IS A MASTERPIECE!!",3,1 year ago
"1-0 behind and about to lose the game.
Gurdiola : ‚Äúup up down down left right left right B A Start‚Äù.",1K,4 years ago
"That's ridiculous, Lewandowski was on the bench",1.3K,3 years ago
"The feat is so amazing, that the video showcasing it, doesn't even need to be edited. Bravo!",70,1 year ago
end of 2023 and still gives me chills how crazy this was,2,4 months ago
Almost forgot to watch this today..,1.7K,6 years ago
Legend says he is still scoring,273,3 years ago
Haaland got a triple hat trick in the Champions league tonight but Lewandowski was the first one I saw achieve this tremendous feat.,8,1 year ago
Lewandowski is Best 9,3,1 year ago
"Let me just remind you he came 16th in player of the year this year


Hoooooow? He's the polish terminator nothing can stop him(except injury)",930,7 years ago
"The guy that edits the highlights: 

-Well buddies i think i'm going home early tonight...",378,5 years ago
welcome  barcelona Lewy,8,1 year ago
Robert Lewandowski is amazing !,5,1 year ago
"4 Guinness World Records in one match
Fastest Bundesliga hat-trick
Ô∏è
Ô∏è
Ô∏è
Fastest 4 goals
Fastest 5 goals 
Most goals scored by a substitute !!!
LewanGOALski!!",821,4 years ago (edited)
I lost count how times i have watched this moment of magic,545,3 years ago
Legend,5,1 year ago
Literally mic drop on that stunning last goal.,1,1 year ago
He did it! Lewy just broke Gerd M√ºller's record! He's just incredible...,795,2 years ago
"early morning, Mourinho's wife awakes him:
- Hun, get up, its five already
- What?! Lewandowski Again??",1.7K,4 years ago
One of the BEST EVER displays of footballing ability.,3,1 year ago
Best of the best RL9 GOAT striker,4,1 year ago
"There was a joke at some point: 
Mourinho's wife wakes Mourinho up in the morning with a shout ""wake up it is 6""
Mourinho replies: ""Lewandowski again""?",2.8K,3 years ago
"Our lovely heroüáµüá±
Ô∏è",3,1 year ago
Lewandowski is unstoppable,2,3 months ago
"""i don't know how many offers of marriage lewandowski is gonna have, but pep guardiola is gonna be one of them"" this commentator is golden",65,7 years ago
"Welcome to Barca king
Ô∏è‚Äç",4,1 year ago
How is this possible? Never been done before. Crazy.,3,1 month ago
"Most of us have been watching football for a long time. We‚Äôve seen some amazing goals or legendary comebacks. But this is, without a doubt, the most impressive ten minutes from any player I have ever witnessed. Just mind blowing.",350,3 years ago
"After match Borussia - Real ""LEW4NDOWSKI""
After this match evolution to ""LEWANDOW5KI""",1K,4 years ago
The G.O.A.T,3,1 year ago
Lewandowski 9 goals in 5 minutes. LEGEND,10,1 year ago
"""That is what Lewandowski does for a living""",120,3 years ago
Who is here after his 41 goals in Bundesliga?,1.7K,2 years ago
"Lewandowski? Lewangoalski?
Hell no
Legendowski",14K,7 years ago
Even Harry Kane will not repeat this feat!!! You will have to wait a LONG time!!!,2,3 weeks ago
The best 9 minutes you can watch on Youtube.,3,1 year ago
"Commentator :
3 goals in 10 minutes
4 goals in 10 minutes
5 goals in   9 minutes",6.7K,4 years ago
"Robert Lewandowski earns 4 Guinness World Records: Quickest hat-trick, 4-goal haul & 5-goal haul, and most goals by a sub.",36,1 year ago
"""Well i dont know how many offers of marriage Robert Lewandowski is gonna have but Pep Guardiola is gonna be one of them""",488,3 years ago
Kurwa what a player,2K,5 years ago
Came here after knowing that he is leaving Bayern ..Just cant believe it ,7,1 year ago
I can watch it in a loop for the rest of my life,2,2 years ago
"Every time I see it, I always worry that he will not have enough time for five goals in 9 minutes :)",347,2 years ago
"Wolfsburg fan returning from the bathroom: what happened

His friend: Lewandowski happened",615,4 years ago
jezu jakie to jest kurwa piƒôkne,12,1 year ago
"Maybe is my 50th time watch this clip 
 this is art ",3,1 year ago
"Wracam tu mniej wiƒôcej co roku, to m√≥j patriotyczny obowiƒÖzek.",665,2 years ago
I can't believe I watched this match in the Allianz Arena...my first ever visit to it and this happened.,42,6 years ago
Imagine someone went out for a smoke during this game when Wolfsburg were winning 1-0 and came back to it being 5-1.,2,2 years ago
‚ÄúBecause that‚Äôs what Robert Lewandowski does for a living‚Äù.....hilarious,737,4 years ago
Each goal was better than the last ,1.4K,6 years ago
1:14 I love this moment when they show a close-up of Lewandowski after he has scored and then during the same close-up he receives the ball scores barely after they show us the wide view. Terrific,8,2 years ago (edited)
This man deserves Ballon d‚Äôor,5,1 year ago
"Not only 5 goals in 9 mins, but finishing it off with one of the greatest ever.",99,3 years ago (edited)
"""well I don't know how many offers of marriage Robert Lewandowski is gonna have but Pep Guardiola is going to be one of them "" props to the commentator",168,3 years ago
The fact that the most watched and second most watched videos on the bundesliga channel are about this match just goes to show you how incredible this is,1,7 months ago
"Lewa scores a goal with everything, with a volley, a bicycle, a free kick, what a legendary striker.",7,1 year ago (edited)
"Me: No way you can fit in 5 goals in 10 minutes without edits.
Lewandowski: Hold my piwo",820,4 years ago
this was one of the most breathtaking pieces of football history ive ever seen. we will be telling our kids and grandkids about this game. absolutely unreal. i had this game bet at 3-1 and its the best 200 dollars ive ever lost,424,3 years ago
"...""because that is what Lewandowski does for a Living"".",6,1 year ago
to mo≈ºna oglƒÖdaƒá w k√≥≈Çko,4,1 year ago
"YOU JUST CAN NOT BE THAT GOOD

That's so iconic I love this",66,2 years ago
Came here because Manchester City scored 5 goals in 18 minutes but Lewandowski scores 5 by himself in half that time. madness,548,4 years ago
W ≈ºyciu nie widzia≈Çem czego≈õ takiego i ju≈º pewnie nigdy nie zobaczƒô. üáµüá±,7,7 months ago
I have been lucky enough to watch this match live,2,10 months ago
"i imagine on Wolfsburg's bench
assistant: ""coach, should we change our defensive plan to counter Lewandowski?""
coach: ""naaah, we're fine, Naldo and Dante can handle him""
10 minutes later:",549,5 years ago
"If Lewa played in the EPL or La Liga he'd be considered the best #9 in the world, he's criminally underrated",370,3 years ago
Robert Lewandowski our Polish hero thank you Robert you are amaizing.,2,1 year ago
"It will be Lewy's record forever, legendary moment",2,10 months ago
"Who's still watching this amazing performance from Lewa, in 2020
  ",395,3 years ago
Challenge: Try to not smile while watching that.,609,3 years ago
When the Main Character enters the game at the last moment.,4,1 year ago
"How ironic. The Brazilian player Dante, here playing for Wolfsburg, was one of the players defeated in the Mineirazo (GER 7-1 BRA, Semi-finals of FIFA World Cup Brazil 2014). The goalkeeper Diego Benaglio was one of the Swiss players incredibly defeated by Luxembourg (1-2) in the UEFA Qualifications for the FIFA World Cup South Africa 2010...",4,1 year ago
"I love that line: ""YOU JUST CANT DO IT, YOU JUST CANNOT BE THAT GOOD""",62,3 years ago (edited)
"Ronaldo : I scored 4 goals on my last mach , nobody can do that 
Lewandoski : Hold my beer...",2.9K,6 years ago
"LEWANGOALSKI
AWESOME PERFORMANCE",2,1 year ago
Lewondowski should get a ballon' o dor,3,1 year ago
"Moral of this video,







Don't go the toilet, otherwise you'll miss 5 goals.",1.5K,5 years ago (edited)
"Pep to Robert after first half: Give me five, youre in.Robert to Pep: OK.",355,6 years ago
"The legend
the record",2,4 months ago
"Why ALL footage of these goals were pulled out of YouTube? Literally all, including shorts say ‚Äúvideo not available‚Äù. Is someone trying to erase history?",3,6 months ago
I went crazy crazy when I saw this live! One of the best moments in football history,368,5 years ago
"Wolfsburg : breaths
Lewandowski : So you have chosen... death?",444,4 years ago (edited)
Imagine a guy in the match went to the toilet right before Robert's sub. Came back after 10 minutes and he saw the scoreboard...,3,1 year ago
Nine minutes that shook the (football) world.,6,2 years ago
the ballon d'or being cancelled after the season he just had is an absolute robbery,518,3 years ago
"How much footage of yourself do you want in highlights?
Lewandowski:- yes",94,2 years ago
9 : 35 reaction of coach is Gem,2,2 years ago
"Dortmund barca madrid United no matter which club you support, this video definitely brings a joy to every football fan.

Lewy is one of the few players you just cannot hate man",2,1 year ago
this record would still be unbeaten in 100years guys do you realize that?,900,4 years ago
Who's there AFTER breaking the Gerd Muller's record? :D 2021 RL9 still on fire!,301,2 years ago
Its a magical history..I think no one can distroy Lewandowskis recoard,4,1 year ago
barca fans use me as a love button that we have lewa now :),20,1 year ago
YOU CANT DO IT!!! YOU JUST CAN NOT BE THAT GOOD!!!,189,5 years ago
dislikes come from wolfsburgfans,411,7 years ago
Thomus muller could have two goals there such a good teammate,3,1 month ago
"9:18 such an underrated goal, and that assist from Lahm... pure art",8,1 year ago
"0:21 first goal 
1:21 2 goal 
3:42 3 goal 
Hat trick in 3 minuts 21 seconds 
 4 goal 
 5 goal 
5 goals in 8minuts 59 seconds what a man",639,2 years ago
Its Lewandowski vs. Wolfsburg,274,7 years ago
5th goal shows us the level of confidence he enters at that moment.,4,2 years ago
An exceptional player indeed.,4,2 years ago
Guardiola's reaction was priceless.,76,3 years ago
I noticed the commentator only speaks when Lewandoski scores.,305,6 years ago
Even cristiano isn‚Äôt that good or that accurate at scoring tap ins. This guy literally is the best no 9 of the present generation,8,1 year ago
Guardiola was so shocked that he felt his hair standing up which wasn't even there,4,9 months ago
I can assure you that he is the most underrated striker for the past 5 years. Nobody has given him the credits which he deserves. He has been the top scorer for fives consecutive season and has played amazing in champions leauge as well. My man needs the respect because he has fought for it!,306,3 years ago
"Remember this name ""robert lewandowski"" the most underrated striker in the whole the world..",168,2 years ago
"""Absolutely extraordinary"".",3,1 year ago
watching this is like a ritual for me that I come back here every month! Never gets old!,1,7 months ago
"""YOU JUST CAN'T BE THAT GOOD!!!!!""",143,3 years ago
"""3 goals in 10 mins""

Little did he know...",251,3 years ago
"this sport's commentator is a good man
pronounces lewandowski right and has a good voice",1,2 years ago
We all know that no one can ever do the same!,12,1 year ago
i love this commentator,320,6 years ago
Guardiolas reaction to the 5th goal tho,337,5 years ago
"OglƒÖdam z 20 raz, ≈õrednio raz na kilka miesiƒôcy",3,1 year ago
Barca fans coming here every day from now on,10,1 year ago
"Lewandoski took Guardiola's word really serious when he said "" Go make a difference""",56,2 years ago (edited)
One day I will show this to my son...,464,5 years ago
He deserved that Fifa Golden Boot and had every right to call out the organization!,3,1 year ago
üáµüá±üáµüá±üáµüá±üáµüá±üáµüá±The best!!,3,1 year ago
"An editor‚Äôs dream
A Defenders nightmare
That‚Äôs Robert Lewandowski !!!",88,3 years ago
Lewandowski is a great great striker. Greetings from Hungary to our alliance brothers: Poland!,1K,6 years ago
Polish Ambassador in the World. Amazing after so many years.,3,1 year ago
"LEGENDARY HERO!
BRAVE HEART! 
Ballon d'Or!!! 
CORRUPTION IS EVERYWHERE!",5,1 year ago
You will not see anything like this in the next 50 years.,221,7 years ago
These are 9 min of terror!,105,3 years ago
Imagine the guy who went to the washroom for 9 minutes and coming back missing this masterpiece,12,1 year ago
Lewandoski is so good he makes this game look like fifa on beginner,2,2 years ago
Bardzo czƒôsto tu wracam. Za kilkana≈õcie lat to bƒôdzie jedno z najpiƒôkniejszych wspomnie≈Ñ.,200,4 years ago
Who's back to see a miracle again in 2019?,588,4 years ago
this is the good change!,2,2 years ago
Everyone look at it endlessly !!! This will never happen again !!!,2,1 year ago
"One of the best players of all time, yet most underrated!!",92,4 years ago
Imagine going to the bathroom and when you come back Lewandowski have scored 5 goals,239,3 years ago
HOLA to ALL BARCELONA FANS <3,8,1 year ago
Why is the highlights 10 min when the goals were scored in 9 min,4,2 years ago
"It is amazing and in my opinion the best 9 minutes in the history of football.
""RL9"" The Polish striker.",197,3 years ago
w 9 minut zrobi≈Ç wiƒôcej ni≈º ja przez ca≈Çe swoje ≈ºycie...,3.8K,3 years ago
Why oh why an I watching it almost every month for the last couple of years? Probably looking for something reminding me how humans can be godly,3,2 months ago
These five goals are insane BUT to top it off with that 5th goal.. INSANE,1,2 years ago
Evolution: Lewandoofski -> Lewandowski -> Lewangoalski -> Legendowski,675,2 years ago
"From Poland.. Finally yesterday he take his dreams.. 8;2 barcelona, 3;0 Lyon, 1;0 Psg - GOOOD JOOB Robert, always love ! Thank You.",163,3 years ago
Haha! That mic drop at the 5th.,3,1 year ago
It has been a yearly tradition to rewatch these unforgettable moments,3,1 year ago
Robert Lewandowski is the guy who scored 50+ goals in Champions League and 50+ goals for national team. Only two other players in football history achieved that. Ronaldo and Messi. *** 2021 edit: It's 70+ now...,579,5 years ago (edited)
WHEN THE WINGED HUSSAR ARRIVED!,389,4 years ago
Robert jest bardzo dobrym pi≈Çkarzem to sƒÖ fakty üáµüá±üáµüá±üáµüá±,23,1 year ago
"Nasz Polski bohaterow üáµüá±
Ô∏è
Ô∏è",10,1 year ago
The praise goes mostly to lewondowski but I give 90% of it to his teammates with miraculous setups,611,5 years ago
"Commentator : you just cannot be that good
Lewandowski : yes i can",91,3 years ago
Gather here if you get this in your recommendation after 5yrs... Lewangoalski is a beast,2,1 year ago
To mi sie hyba nigdy nieznudzi ogladac ! Czapki z glow Robert !,2,1 year ago
"There are two things that I must be proud of 
1. I‚Äôm from Poland (same as Lewandowski)
2. It happened on my birthday",161,4 years ago (edited)
"If Lewandowski was German, they would probably have another 2 world cups.",1.4K,3 years ago
"Is it just me or did it seem like each goal got more spectacular, like he was Levelling Up as the game went on...",2,1 year ago
PROUD FIGHTER FROM POLAND,1,2 years ago
Imagine being a frustrated Bayern fan who switched channels when they were losing. Then seeing the score after the game,296,4 years ago
"I remember watching this game live with some friends at the cafeteria at school.

We started laughing when Lewi made the first two goals, we were like whoa he made that looked so easy. We were about to leave when we heard the 3rd goal, then 4th, 5th. We couldn‚Äôt believe it. Everyone watching the game at the cafeteria was speechless!",270,3 years ago (edited)
"and its not a highlights, good luck at camp nou Lewy, you are a legend",3,1 year ago
Nobody can mess with lewendoski,3,1 year ago
Its No Messi No Ronaldo but its Lewandowski. This guy needs some special respect for this kind of Amazing performance. Luck + Skill = Miracle.,82,4 years ago
"Lewandowski is the man. Imagine if at Polamd, he had players like Bayern‚Äôs wingers what could he do.",278,2 years ago
"Who's here after he's signed for BARCA 
Ô∏è",4,1 year ago
I always watch this clip and wonder if there is someone in that stadium who left at halftime for an emergency or something‚Ä¶,3,1 year ago
"9:55 this is how to drop the mic 
 in style",57,3 years ago
The commentator makes this already incredible performance even better. Who is he?,189,3 years ago
Who's here watching after he move to barcelona ?,8,1 year ago
Damn been watching like 100 times...my god Lewan....,6,1 year ago
the highlight is literally just 9 minutes straight streaming of the game,172,3 years ago
"I fell bad for the Wolfsburg keeper though.
Imagine having a perfect game for the forty five minutes and then in the second half this happens.",76,3 years ago
"I would compare Lewandowski's 5th goal to the birth of Christ. It will forever be cemented in football history. It's impeccable. Visually, technically it is perfection. You cannot surpass that, it's impossible to the average human.",7,2 years ago (edited)
Every wolfsburg fans nightmare forever. Lewangoalski. They werent even easy chances. 2-3 superb shots and power finishes.,1,2 years ago (edited)
that lost goal is more than enough for anyone to be impressed but 4 right behind that one??? TF what a legend,314,6 years ago
"the man, the goals, the record, the time, Pep's face and the commentary are legendary.",202,2 years ago
He deserves ballon d'or not just for this but hue everytime performance he's the best,1,1 year ago
"aren't the announcers saying ""just over 10 minutes"" for the whole time?",244,7 years ago
"Kylian Mbappe: 4 Goals in 14 Minutes!!
Lewandowski: hold my Beer",234,4 years ago (edited)
"This is the best single match performance, by one player, of all time.",2,2 years ago
Can't believe this is six years ago. Wow! Time really flies and this still lit,1,1 year ago
No one has ever scored 5 goals in 9 minutes in the history of soccer and never will.          Robert Lewandowski is the first and he is definitely the best soccer player in the world for quite some time now. I just can't understand all these people on here giving thumbs down for this video. This is insane.,449,3 years ago
"Someone has to Praise Gotze for his assists.
Excellent creator this Gotze is!",230,5 years ago
"Funny thing is I watched the first half and it was 0-1 Wolfsburg, I turned it back on the hour mark and I had to double check the score actually said 5-1. Not only that I missed the greatest solo sub performance of a generation lol",2,1 year ago
"Nasza polska duma üáµüá±
Jestem dumny, ≈ºe mogƒô ≈ºyƒá w czasach najlepszego zawodnika w historii Polski oraz jednego z najlepszych pi≈Çkarzy w historii",2,2 months ago (edited)
one of the football's history greatest moments,72,3 years ago
"9:19 ‚Äúyou just cannot be that good!‚Äù 
Lewandowski: try me",173,5 years ago
"The best 
Ô∏è",3,1 year ago
"Not only did he score 5 goals in under 10 minutes, he did them beautifully too!",11,1 year ago
I'm gonna tell my kids in 20 years that I saw this live,219,4 years ago
' i dont know how many offers of marriage lewandowski is going to have but pep guardiola is going to be one of them' lol,432,4 years ago
RESPECT levandowski RESPECT ,3,2 years ago
The Special was how he scored the goals. One goal more beautyful than the other.,2,1 year ago
"And Anna said,don‚Äôt come back home  before 5",114,3 years ago
4 goals in 5 mins and 40 seconds. Insane.,70,2 years ago
and this last goal was most beautyful,1,2 years ago
this is the finest performance of a striker in any match,2,1 year ago
"Who is here after
Robert Lewandowski best in the world by fifa?",131,3 years ago
My favorite soccer player is Robert Levendowski,43,7 years ago
Lewy Legend,2,2 months ago
"On an injured ankle, 1 substitution (not including his own), two fouls, and celebrations yet Lewy somehow managed to score 5 in 9 mins",2,2 years ago (edited)
I missed two goals just because i had to pee,93,6 years ago (edited)
wow 16 th video of the day I love this channel keep up the good work bundesliga ,71,7 years ago
I'm here after he joined barcelona ,4,1 year ago
He actually did that ,3,1 year ago
Kick off glitch,135,6 years ago
Whenever i have a bad day and feel like something is impossible i just come back to this video ,73,3 years ago
The Pole who became a LEGEND of the Bundesliga.,1,1 year ago
according to the back number,4,1 year ago
One of the best strikers there have ever been,138,2 years ago
"Top Polish Player 
üáµüá±",84,3 years ago
"I don't like the Yankees and I don't like Bayern, but this thing of skill is like nothing else. Amazing!",2,1 year ago
Welcome to FC BARCELONA Lewa ,12,1 year ago
"Dante and Luiz Gustavo were like: ""Germany, is that you?"".",156,3 years ago
"9:56 that's how you drop the mic in football


Btw i think this is my most liked comment on YouTube so... thank you football fans, all the best! :)",693,5 years ago (edited)
Wolfsburg had the best defense in the Bundesliga at the time.,6,1 year ago
"I play table tennis - everyday, or at least 6 of 7 days in a week. There are moments, when you simply get angry because of ""suckerpunches"" of your opponent - he/she scores by the net, or the very edge if the table, you can't do anything about it - you get angry, and your focus may go down to the lowest point, when you lose even the simplest points you supposed to score. 

Well that's what happened here. Only not with 1 vs 1 player, but with the whole two teams - where one felt like sharks that felt the blood within few km, and also their fans were cheering hard for them, and the second team - even that they are great players, worth millions for each, simply lost it all, felt angry, sad, and broken at all. 

And Lewandowski and his supporters simply showed them how to play till the end.",1,4 months ago
"Final score: Brazil 1-7 germany
After the game, luis gustavo and dante went to the pub and talked about the game
Dante: i think that was the worst game i‚Äôve ever played
Lg: me too, probably i wouldn‚Äôt see worst in the future
Dante: definitely
After 1 year, lewandowski scored 5 goals in 9 minutes",1.3K,6 years ago
don't forget people wolfsburg was 2nd place at this time,79,7 years ago
Robert Lewandowski The  Best Player in  the  World *,8,1 year ago
he makes it look so easy,2,1 year ago
"Good commentator, was expecting a German speaking one considering its the Bundesliga channel (y)",1.5K,6 years ago
I was lucky enough to watch it live on television with my granddad.,39,3 years ago
"Obsessed
Ô∏è",3,1 year ago
One of Lewandowski finest performances. A space of 10 minutes and 3 goals...? Wait...Whaaaaat...? Jazda husaria!!,4,2 years ago (edited)
"the legend tells that this match never ended, he is scoring until now, for the rest of his life, every 2 minutes, amen",62,3 years ago
"Messi is my soccer idol but you cannot truly ignore Ronaldo, Lewandowski, etc. We may not be able to watch Pele or Maradona live anymore but we live in an era of great footballers. the beautiful game at its best.",47,7 years ago
When i miss him i watch this clip,2,2 years ago
"Welcome to Barcelona Legend 
Ô∏è",2,1 year ago
"Who‚Äôs here after Bayern won the Championsleague 
Ô∏è",3.4K,3 years ago
The defenders was like more tired than Lewandowski because they need to go to celebrate with Lewandowski five times in 9 mins,76,2 years ago
jak mam trochƒô s≈Çabszy dzie≈Ñ to odpalam ten film i ju≈º siƒô mordka cieszy :),3,1 year ago
"2 years already? Wow. I must say, G√∂zte made great part of this possible",348,6 years ago
"Greetings from Poland!! 
Ô∏èüáµüá±",267,5 years ago
"""This is not the first time you watch it.""",4,2 years ago (edited)
"Welcome to Barcelona, Lewy",5,1 year ago
OglƒÖdam to przynajmniej raz w miesiƒÖcu. Cudo.,174,3 years ago
"Lewandoski doesn't play for Bayern, Bayern plays for him",806,6 years ago
The all-time champion! ,2,1 year ago
MƒÖdro≈õƒá i piƒôkno ducha w czystej postaci.,5,2 years ago
Last goal is a stunner,163,5 years ago
Levandovski king ,2,1 year ago
Some legend believe he's still scoring until today .,2,1 year ago
"I'm watching it everytime my mood goes bad. I saw this show 10 times this month and it always helps so I don't need a doctor. Thank you, Lewy!",115,3 years ago
"Well, it seems that mid week games just arent Wolfsburg's thing is it? Lost 5-1 again this year around.",266,7 years ago
"Feat so good, even the mic dropped after the fifth goal!",1,1 year ago
"Commentator is amazing
Who is he?",3,2 years ago
"I counted 12 touches, 5 were goals",54,7 years ago
Congratulations on winning the Best award Lewandowski!,56,3 years ago
9 minutes of madness,2,1 year ago
"He did it, he nailed it, he crushed it.",2,1 year ago
"I'm so lucky that I watched this game live show.

I was so stunned first 3 goals and 4th volley shot and 5th scissors kick. Unfortunately, another 5th goal rewind scene is not in this video, It aimed the edge of the net, and sniped the camera. Front side of camera took a shot for a moment. It was looked like a missile.

I also remembered that Lewandowski had one more chance beside this time. If that chance also succeeded, Not 5 goals in 9 mins, but 6 goals in 10 mins was to be that Lewy's legendary record in history.

I'm so proud of you Lewy, watching this video for every month.
Thank u Big fan from South Korea.",748,6 years ago (edited)
9:31 this is the best piece of commentary lol,41,4 years ago
"""Plays the one two with the post ""
Always gets me
Buh I'm sure he intended it ",3,2 years ago
"Bayern Loosing,
Bayern: I hate do do this to you but it must be done, Release the Lewandowski",3,1 year ago
"How To Let Your Fans Sing The Team Song 5 Times In 9 Minutes?





Buy Lewandowski",339,6 years ago
The most priceless 10 minutes in football history...  ,92,6 years ago
From in Poland,3,2 years ago
"Counting the effective playing time, without breaks, it was 5 goals in 4 minutes. Unbelievable, impossible. I know I will never see anything like this again in my lifetime.",1,3 days ago
who is watching this in 2019 and still in awe of Roberts FILTHY goals,114,5 years ago
This never gets old,93,6 years ago
"From ""best in the business"" to ""best in the world""(only for 1-2 years but still outclassing ronaldo-messi is the biggest deal in football)",4,1 year ago
came here for anniversary 8 years,2,6 months ago
"Everyone dude perfect has so many world records

Lewandowski 4 world records in 9 minutes",162,3 years ago
I can't help watching this match again and again. Robert is one of the best players in the world ever.,50,2 years ago
"Mr Guardiola we are losing, what do we do?
Guardiola: Release the Lewandowski.",3,2 years ago
This player will become a legend of the football game.,1,1 year ago
Lewandowski: The man who can turn a live broadcast into a highlight reel.,53,2 years ago
Wolfsburg fan from England here; Lewa is just exceptional.,38,3 years ago
We need to understand the immense contribution Thomas Muller brings too......legendary mid,2,1 year ago
Legend!,3,2 years ago
this channel is sick I know it's the official Bundesliga channel,166,7 years ago
The one the only RRRRRRRRobert Lewandowski. Should win the Ballon d'Or for sure,40,3 years ago
Each goal gets better as he scores them,3,1 year ago
This 9 min clip is like a highlights video of a full match,3,1 year ago
Finally won his UCL. So happy for him.,52,3 years ago
"Who's here after Bayern butchered Barca in cl quarter finals
Ô∏è",3.6K,3 years ago
"""OHHH YOU JUST CAN'T DO IT! YOU JUST CANNOT BE THAT GOOD!""",2,2 years ago
I never seen Messi even come close to this,26,2 years ago
I'm just here to see this again to check if that's the same guy in the world cup.,676,5 years ago
Who is here After his 4 goals in 14 minutes,743,4 years ago
Nigdy nie przestane do tego wracaƒá,2,5 months ago
Spectacular ,3,1 year ago
"Yes Lewandoski scored 5, but the contributions of M√ºller, Costa and G√∂tze cannot be ignored.",504,4 years ago
Who is here after watching Bayern vs Barca (8-2) match?,1.4K,3 years ago
"How many time have you watched it?
Me: yes",2,7 months ago
Robert is the king big king Polisz KING  ,2,1 year ago
LEWANDOWSKI PI≈ÅKARZEM ROKU 2020  FIFA  GRATULACJE,72,3 years ago
This guy deserves a ballon d'or,79,2 years ago
5 goals in 9 minutes is incredible.,1,7 months ago
what a wonderful striker..!!1,4,2 years ago
Lewandowski Polish Pride!,158,7 years ago
"Nicely done bracie, greetings from hungary",130,4 years ago
Best striker of the year 2021!,2,2 years ago
Life is that what happens between a goal from Lewandowski and another.,1,1 year ago
It's a shame that Robert was not given the Golden Ball(,51,3 years ago
This is the greatest feat anybody has ever pulled off from the striker position. Absolutely in a world of his own.,42,2 years ago
"Caligiuri scored 0-1 to Wolfsburg
Lewandowski be like : 'fine i'll do it myself""
FT : 5-1",3,2 years ago
Still watching 2019 October 4,94,4 years ago
9:56 RIP microphone.,37,3 years ago
As a proud Pole (a Polish person) this is one of the most proud moments in the countries history and should be mandatory to watch in schools for every Pole at least once a month,1,2 years ago
"Lewandowski is underrated, a football all time legend",2,2 years ago
who's before beating Gerd Muller's record? RL9 the GOAT.,77,2 years ago
"PSG - We have the Best Time MBAPPE 4 GOALS 13 MINUTES

LEWANDOWSKI: HOLD MY BEER",2K,5 years ago
Legendowski,2,2 years ago
"I was on deployment during this game 
 thank you lewy for your performances in a Bayern jersey",2,2 years ago
"I am an INTER fan, absolute fan on Messi (best of all times), really appreciate Cristiano's sports career... But this year, no one else but this one Robert Lewandowski deserve more the Ballon d'Or. 

If Lewa should not be crowned as the best player of the year, and by a distance, then, in my opinion... FIFA reveals itself only as a financial circus, therefore football loses its  last hint of authenticity, as a sports-loving organization which it should be by definition.",146,3 years ago
most underrated and the best player in the world,57,3 years ago
Kto tutaj po przeprowadzce Lewego do FC Barcelony :)? Who is here after Lewy's move to FC Barcelona ?,7,1 year ago
"9 minutes.
Only 6 touches for 5 amazing goals!!!
What an unbelievable record!",2,2 years ago
Who is here after Lewy's wonderful rabona assist?,172,3 years ago (edited)
Lewandowski is the best center forward no doubt. And they destroyed barca 8-2,48,3 years ago
"Pep Guardiola is the man after all , Messi , lewandowski , haland... All of them took place under him ....",2,1 year ago
He‚Äôs in Barcelona now,6,1 year ago
"Lewandowski's Number=9
Miracle=9 minute
Views on this video=9M",94,4 years ago
2019 i dale nie mogƒô uwierzyƒá w to co zobaczy≈Çem üáµüá±,68,4 years ago
"Just checking in, 23rd time I have watched this video.",4,2 years ago
Lewa is a one of the best finishers ive ever seen ! but ill take LS9. goals he scored for Liverpool and Barcelona was fun to watch,1,2 years ago
"King Midas: everything I touch turns to gold 
Lewandowski: same",109,4 years ago (edited)
"Before first half ended: Wolfsburg fans be like ''Yes we're finally going to win.'' 30 mins later, never mind what tf is going on.",80,5 years ago
"I always love to come back here and watch it when i have bad mood. You're the best, Robert",,1 year ago
"Kochamy Cie Robet!.
Masz wszstkie szlachetne cechy Jestes 100% czlowieki. Przynosisz nam chwale i godnosc. Chcemy malutiego Robercika Jr. üáµüá±
Ô∏è
Jestes jak miod na serce a mialam taki nedzy nastroj ale Teraz juz nie.",2,1 year ago (edited)
Entire Poland is waiting for him to have a son. I mean... someone has to play for our National Team 25 years from now.,64,3 years ago
"6:12
The Guy Besides Robben: How many goals are now?
Robben: 4 
The Guy: I just go for a Minute to the Bathroom and now it's 4?",63,3 years ago
BEAST,2,1 year ago
He's the master class ,1,9 months ago
"Are those 97 dislikes Dortmund fans? Seriously, who could NOT like this?",66,7 years ago
He is underrated,80,6 years ago
legendgoalski,1,10 months ago
underrated comentator,,1 year ago
Fajnie wr√≥ciƒá tutaj i popatrzeƒá na polaka rodaka :D,209,6 years ago
"Lewandowski scores five goals in 9 minutes
Commentator: A space of 10 minutes and three goals!!!",405,4 years ago
pepe's face after the 5th goal was amazing,2,1 year ago
"""I don't know how many offers of marriage Robert Lewandowski's gonna have, but Pep Guardiola is gonna be one of them"" ",3,2 months ago
